{"mean":{"confidence_interval":{"confidence_level":0.95,"lower_bound":-0.002095859051027346,"upper_bound":0.006051375462243561},"point_estimate":0.0019357221181770523,"standard_error":0.002075108967230775},"median":{"confidence_interval":{"confidence_level":0.95,"lower_bound":-0.003354444045044702,"upper_bound":0.001099542009098009},"point_estimate":-0.001021419984375438,"standard_error":0.0011540627958473838}}