{"mean":{"confidence_interval":{"confidence_level":0.95,"lower_bound":4417.910248826068,"upper_bound":4431.895138232561},"point_estimate":4424.814544352006,"standard_error":3.5711660047917375},"median":{"confidence_interval":{"confidence_level":0.95,"lower_bound":4411.496855345912,"upper_bound":4429.106284856285},"point_estimate":4420.272095959595,"standard_error":4.88425342513641},"median_abs_dev":{"confidence_interval":{"confidence_level":0.95,"lower_bound":25.878792936148127,"upper_bound":41.24287898500042},"point_estimate":32.45691834269374,"standard_error":3.8843144373217355},"slope":{"confidence_interval":{"confidence_level":0.95,"lower_bound":4411.396420214152,"upper_bound":4427.767589953414},"point_estimate":4419.163191827855,"standard_error":4.171270702886565},"std_dev":{"confidence_interval":{"confidence_level":0.95,"lower_bound":30.094870236616913,"upper_bound":41.19398629501979},"point_estimate":35.84418042617615,"standard_error":2.8502195013954976}}