{"mean":{"confidence_interval":{"confidence_level":0.95,"lower_bound":-0.015970105880090985,"upper_bound":-0.0059080947160147996},"point_estimate":-0.010557802334538957,"standard_error":0.0025738618581400852},"median":{"confidence_interval":{"confidence_level":0.95,"lower_bound":-0.011002012203094713,"upper_bound":-0.0008989993297211507},"point_estimate":-0.0038965145401210766,"standard_error":0.002724274528506624}}