{"mean":{"confidence_interval":{"confidence_level":0.95,"lower_bound":16676.031048051336,"upper_bound":16753.032325543125},"point_estimate":16712.117524519028,"standard_error":19.703444145144697},"median":{"confidence_interval":{"confidence_level":0.95,"lower_bound":16614.72013888889,"upper_bound":16733.348148148147},"point_estimate":16668.9338667615,"standard_error":30.126447253213232},"median_abs_dev":{"confidence_interval":{"confidence_level":0.95,"lower_bound":100.1326917969344,"upper_bound":175.60568923109128},"point_estimate":147.73165401203212,"standard_error":18.959963037907947},"slope":{"confidence_interval":{"confidence_level":0.95,"lower_bound":16634.592185923564,"upper_bound":16769.933915080604},"point_estimate":16693.402645780996,"standard_error":34.935876761423394},"std_dev":{"confidence_interval":{"confidence_level":0.95,"lower_bound":128.06039448824828,"upper_bound":258.5203405045587},"point_estimate":198.35326231314008,"standard_error":32.95646609767217}}