{"mean":{"confidence_interval":{"confidence_level":0.95,"lower_bound":-0.02588733537666436,"upper_bound":-0.01126384474532366},"point_estimate":-0.018776599352613554,"standard_error":0.00373812820723417},"median":{"confidence_interval":{"confidence_level":0.95,"lower_bound":-0.019643781641755842,"upper_bound":-0.006663114209025656},"point_estimate":-0.01308225780324912,"standard_error":0.0035897158055223474}}