{"mean":{"confidence_interval":{"confidence_level":0.95,"lower_bound":-0.021215866230555075,"upper_bound":-0.00910160090434553},"point_estimate":-0.01488286130520533,"standard_error":0.003047545494605791},"median":{"confidence_interval":{"confidence_level":0.95,"lower_bound":-0.016600432930996223,"upper_bound":-0.012567536968391635},"point_estimate":-0.01476149972214802,"standard_error":0.0010619284136707335}}