{"mean":{"confidence_interval":{"confidence_level":0.95,"lower_bound":-0.04016094084883137,"upper_bound":-0.01411233056599041},"point_estimate":-0.0242378584083095,"standard_error":0.007062322909251176},"median":{"confidence_interval":{"confidence_level":0.95,"lower_bound":-0.017499599313017256,"upper_bound":-0.010062738405067106},"point_estimate":-0.013930588045468095,"standard_error":0.0019845203640845737}}