{"mean":{"confidence_interval":{"confidence_level":0.95,"lower_bound":0.0007864932067522812,"upper_bound":0.012060627420187847},"point_estimate":0.005993737082191197,"standard_error":0.0029682370180091405},"median":{"confidence_interval":{"confidence_level":0.95,"lower_bound":0.0005660047420341652,"upper_bound":0.007437610471757061},"point_estimate":0.004150039429028141,"standard_error":0.0018451581123005135}}