{"mean":{"confidence_interval":{"confidence_level":0.95,"lower_bound":2243894.002271739,"upper_bound":2260265.2353913044},"point_estimate":2251250.386086957,"standard_error":4213.70676499611},"median":{"confidence_interval":{"confidence_level":0.95,"lower_bound":2236738.347826087,"upper_bound":2249041.434782609},"point_estimate":2242584.565217391,"standard_error":2958.0891120957367},"median_abs_dev":{"confidence_interval":{"confidence_level":0.95,"lower_bound":14833.053367312865,"upper_bound":22840.77404232174},"point_estimate":19505.310866755048,"standard_error":1971.1478845179397},"slope":null,"std_dev":{"confidence_interval":{"confidence_level":0.95,"lower_bound":17580.697022732475,"upper_bound":59617.037458690815},"point_estimate":42376.627230656326,"standard_error":10181.587844612419}}