{"mean":{"confidence_interval":{"confidence_level":0.95,"lower_bound":-0.055207308031553486,"upper_bound":-0.036544948663584785},"point_estimate":-0.04531737238032296,"standard_error":0.004779879492335371},"median":{"confidence_interval":{"confidence_level":0.95,"lower_bound":-0.036793275463957144,"upper_bound":-0.02582495540688412},"point_estimate":-0.03175751052357778,"standard_error":0.002755694758927076}}