{"mean":{"confidence_interval":{"confidence_level":0.95,"lower_bound":0.016265806957785962,"upper_bound":0.03791680860743578},"point_estimate":0.026532354159470417,"standard_error":0.005510319589083151},"median":{"confidence_interval":{"confidence_level":0.95,"lower_bound":0.009544837469368517,"upper_bound":0.019742757229066044},"point_estimate":0.015465206558313849,"standard_error":0.0026000331458097144}}