{"mean":{"confidence_interval":{"confidence_level":0.95,"lower_bound":-0.0044629706727178226,"upper_bound":0.011092724292517214},"point_estimate":0.003039884011416527,"standard_error":0.003989076513381081},"median":{"confidence_interval":{"confidence_level":0.95,"lower_bound":-0.002306910920551686,"upper_bound":0.0011966867102297662},"point_estimate":-0.0007226767552671598,"standard_error":0.0009316517718656311}}