{"mean":{"confidence_interval":{"confidence_level":0.95,"lower_bound":-0.06304828741916992,"upper_bound":-0.03752098508504467},"point_estimate":-0.04987254630753635,"standard_error":0.006530467830032549},"median":{"confidence_interval":{"confidence_level":0.95,"lower_bound":-0.030592278259395887,"upper_bound":-0.015795741458934587},"point_estimate":-0.02032759244915472,"standard_error":0.0034666209788744634}}