{"mean":{"confidence_interval":{"confidence_level":0.95,"lower_bound":-0.010676433257582291,"upper_bound":0.006456556248572789},"point_estimate":-0.0030582702021189068,"standard_error":0.004705023067387359},"median":{"confidence_interval":{"confidence_level":0.95,"lower_bound":-0.013145999748143233,"upper_bound":-0.008144301322596513},"point_estimate":-0.011219271494040783,"standard_error":0.0013778797464144472}}