{"mean":{"confidence_interval":{"confidence_level":0.95,"lower_bound":0.03786563854330471,"upper_bound":0.053834386008170775},"point_estimate":0.04523655132150006,"standard_error":0.004051499885541707},"median":{"confidence_interval":{"confidence_level":0.95,"lower_bound":0.031144738755562562,"upper_bound":0.04455395529759132},"point_estimate":0.03609515458957846,"standard_error":0.004019619027855625}}