{"mean":{"confidence_interval":{"confidence_level":0.95,"lower_bound":4297080.362423078,"upper_bound":4341778.872769232},"point_estimate":4319291.474615384,"standard_error":11451.827238219348},"median":{"confidence_interval":{"confidence_level":0.95,"lower_bound":4259046.307692308,"upper_bound":4326159.461538462},"point_estimate":4272309.884615384,"standard_error":16957.048518351443},"median_abs_dev":{"confidence_interval":{"confidence_level":0.95,"lower_bound":73969.87788677216,"upper_bound":174784.73731233482},"point_estimate":121340.48666885271,"standard_error":25397.054621929477},"slope":null,"std_dev":{"confidence_interval":{"confidence_level":0.95,"lower_bound":104724.1165900681,"upper_bound":123173.06873707694},"point_estimate":114947.57341479449,"standard_error":4697.442371894334}}