{"mean":{"confidence_interval":{"confidence_level":0.95,"lower_bound":0.015075893321293594,"upper_bound":0.025220679949858646},"point_estimate":0.01993028961858223,"standard_error":0.002633709932907541},"median":{"confidence_interval":{"confidence_level":0.95,"lower_bound":0.017090704558468506,"upper_bound":0.023894513433046827},"point_estimate":0.020805470507475388,"standard_error":0.0017128021903877332}}