{"mean":{"confidence_interval":{"confidence_level":0.95,"lower_bound":-0.009201517662989092,"upper_bound":-0.00016374507185633794},"point_estimate":-0.004952172571845215,"standard_error":0.002310415505869083},"median":{"confidence_interval":{"confidence_level":0.95,"lower_bound":-0.012611663697094322,"upper_bound":-0.0033218667201821983},"point_estimate":-0.008303353687384107,"standard_error":0.0024517291153235443}}