{"mean":{"confidence_interval":{"confidence_level":0.95,"lower_bound":-0.06804935464127895,"upper_bound":-0.03616382794527319},"point_estimate":-0.05147613995463307,"standard_error":0.008164215944934263},"median":{"confidence_interval":{"confidence_level":0.95,"lower_bound":-0.023273529358246003,"upper_bound":-0.009621772707942506},"point_estimate":-0.013521065713532288,"standard_error":0.003919489129528257}}