{"mean":{"confidence_interval":{"confidence_level":0.95,"lower_bound":-0.07365125438520605,"upper_bound":-0.0140645013008577},"point_estimate":-0.04293846053047634,"standard_error":0.015212483191528578},"median":{"confidence_interval":{"confidence_level":0.95,"lower_bound":-0.0029353257324480353,"upper_bound":0.020276280877675745},"point_estimate":0.006502564284184942,"standard_error":0.006749935823083658}}