{"mean":{"confidence_interval":{"confidence_level":0.95,"lower_bound":-0.09582829998090989,"upper_bound":-0.05320275804955075},"point_estimate":-0.0737756504851872,"standard_error":0.01091201140068071},"median":{"confidence_interval":{"confidence_level":0.95,"lower_bound":-0.03143775673617932,"upper_bound":-0.020507514018710538},"point_estimate":-0.02440227735501843,"standard_error":0.003213400779081639}}