{"mean":{"confidence_interval":{"confidence_level":0.95,"lower_bound":0.09829328244566234,"upper_bound":0.11371667266151057},"point_estimate":0.10640124987153232,"standard_error":0.003941091678037776},"median":{"confidence_interval":{"confidence_level":0.95,"lower_bound":0.11270055228234262,"upper_bound":0.11855518224659001},"point_estimate":0.1171208253047391,"standard_error":0.0015061795905834197}}