{"mean":{"confidence_interval":{"confidence_level":0.95,"lower_bound":0.04444017950335376,"upper_bound":0.058755336820043344},"point_estimate":0.05108586971529361,"standard_error":0.0035938361529309},"median":{"confidence_interval":{"confidence_level":0.95,"lower_bound":0.04156424124346603,"upper_bound":0.05113873817765957},"point_estimate":0.046060587529335395,"standard_error":0.0023499530485892074}}