{"mean":{"confidence_interval":{"confidence_level":0.95,"lower_bound":-0.048557318910947465,"upper_bound":-0.032163979773885465},"point_estimate":-0.040468077303088545,"standard_error":0.004147689830950016},"median":{"confidence_interval":{"confidence_level":0.95,"lower_bound":-0.04314345440904288,"upper_bound":-0.03468401298777324},"point_estimate":-0.03845961507478979,"standard_error":0.0021197350493593293}}