{"mean":{"confidence_interval":{"confidence_level":0.95,"lower_bound":9641.627044599092,"upper_bound":9688.323787902846},"point_estimate":9663.517271613333,"standard_error":11.94756825900519},"median":{"confidence_interval":{"confidence_level":0.95,"lower_bound":9618.10452869608,"upper_bound":9654.011737429359},"point_estimate":9632.05175892069,"standard_error":8.730145093605943},"median_abs_dev":{"confidence_interval":{"confidence_level":0.95,"lower_bound":47.47420738752586,"upper_bound":89.84275966853778},"point_estimate":72.58528418773963,"standard_error":10.797808335316569},"slope":{"confidence_interval":{"confidence_level":0.95,"lower_bound":9632.56850887118,"upper_bound":9660.748483857104},"point_estimate":9645.48788317377,"standard_error":7.185030147806286},"std_dev":{"confidence_interval":{"confidence_level":0.95,"lower_bound":78.92687774570841,"upper_bound":157.85144125867998},"point_estimate":120.25442727955607,"standard_error":20.328699846099642}}