{"mean":{"confidence_interval":{"confidence_level":0.95,"lower_bound":0.0006239277959240181,"upper_bound":0.010153091485502024},"point_estimate":0.005598352814760288,"standard_error":0.002424270104933514},"median":{"confidence_interval":{"confidence_level":0.95,"lower_bound":0.005449286369498152,"upper_bound":0.010546593137830351},"point_estimate":0.008194650909108647,"standard_error":0.0012581607113777275}}