{"mean":{"confidence_interval":{"confidence_level":0.95,"lower_bound":0.04252837644898032,"upper_bound":0.05529515687763564},"point_estimate":0.04933969278378458,"standard_error":0.0032649856711294235},"median":{"confidence_interval":{"confidence_level":0.95,"lower_bound":0.05303534349216332,"upper_bound":0.06369245151012293},"point_estimate":0.05777254865297343,"standard_error":0.0028159765777937443}}