{"mean":{"confidence_interval":{"confidence_level":0.95,"lower_bound":1855890.022266089,"upper_bound":1872899.8698365833},"point_estimate":1863144.355902701,"standard_error":4371.062796727733},"median":{"confidence_interval":{"confidence_level":0.95,"lower_bound":1853041.3324722294,"upper_bound":1861652.9772727273},"point_estimate":1857664.9961538462,"standard_error":1917.4074766352912},"median_abs_dev":{"confidence_interval":{"confidence_level":0.95,"lower_bound":13606.454342902018,"upper_bound":21461.62853460506},"point_estimate":18010.671365887658,"standard_error":2051.6803141073565},"slope":{"confidence_interval":{"confidence_level":0.95,"lower_bound":1850149.212245785,"upper_bound":1864560.365032483},"point_estimate":1856509.8722358504,"standard_error":3685.2306145722396},"std_dev":{"confidence_interval":{"confidence_level":0.95,"lower_bound":17538.899258103796,"upper_bound":67742.12416833501},"point_estimate":43773.5836148775,"standard_error":14150.300442691563}}