{"mean":{"confidence_interval":{"confidence_level":0.95,"lower_bound":0.046921532768855606,"upper_bound":0.07344998768882971},"point_estimate":0.060691697401512146,"standard_error":0.006845701700143734},"median":{"confidence_interval":{"confidence_level":0.95,"lower_bound":0.039570024152147054,"upper_bound":0.050039225983512514},"point_estimate":0.04512833547590711,"standard_error":0.0027319770544698067}}