{"mean":{"confidence_interval":{"confidence_level":0.95,"lower_bound":-0.045348947546493,"upper_bound":-0.013843386962865824},"point_estimate":-0.029939109475217607,"standard_error":0.008048257816397578},"median":{"confidence_interval":{"confidence_level":0.95,"lower_bound":-0.02486788645977869,"upper_bound":-0.01702057309545335},"point_estimate":-0.02162824300171773,"standard_error":0.002015202277845055}}