{"mean":{"confidence_interval":{"confidence_level":0.95,"lower_bound":-0.018220857716105716,"upper_bound":-0.0011288490062336572},"point_estimate":-0.008834145126030313,"standard_error":0.00439224281013412},"median":{"confidence_interval":{"confidence_level":0.95,"lower_bound":-0.0030552409883480847,"upper_bound":0.005837243019357841},"point_estimate":0.002725426753127813,"standard_error":0.002431561871923639}}