{"mean":{"confidence_interval":{"confidence_level":0.95,"lower_bound":0.010743448448841376,"upper_bound":0.0215978140756814},"point_estimate":0.016126496434454962,"standard_error":0.002749940231023461},"median":{"confidence_interval":{"confidence_level":0.95,"lower_bound":0.00961474999892098,"upper_bound":0.01713970391996611},"point_estimate":0.013963592882370035,"standard_error":0.0020263764655270586}}