{"mean":{"confidence_interval":{"confidence_level":0.95,"lower_bound":-0.047896465258428673,"upper_bound":-0.03832846707849406},"point_estimate":-0.043039390658213605,"standard_error":0.002436197359509934},"median":{"confidence_interval":{"confidence_level":0.95,"lower_bound":-0.043490171991255266,"upper_bound":-0.034680339870002186},"point_estimate":-0.03966557441430352,"standard_error":0.0022610111063021405}}