{"mean":{"confidence_interval":{"confidence_level":0.95,"lower_bound":-0.01627578126446705,"upper_bound":-0.005739046783029235},"point_estimate":-0.010683188818205624,"standard_error":0.002690591116118187},"median":{"confidence_interval":{"confidence_level":0.95,"lower_bound":-0.00965528478697606,"upper_bound":-0.004889929533415716},"point_estimate":-0.006620020506768798,"standard_error":0.0012815166972420518}}