{"mean":{"confidence_interval":{"confidence_level":0.95,"lower_bound":2314109.53173913,"upper_bound":2334869.1837934777},"point_estimate":2324090.835217391,"standard_error":5315.809574562666},"median":{"confidence_interval":{"confidence_level":0.95,"lower_bound":2305521.1739130435,"upper_bound":2322186.652173913},"point_estimate":2312429.2608695654,"standard_error":4282.933927705966},"median_abs_dev":{"confidence_interval":{"confidence_level":0.95,"lower_bound":23653.432210502328,"upper_bound":47382.60594139944},"point_estimate":32849.29077767824,"standard_error":6122.893359934295},"slope":null,"std_dev":{"confidence_interval":{"confidence_level":0.95,"lower_bound":39383.5699990688,"upper_bound":66074.78731309528},"point_estimate":53155.67320503215,"standard_error":6887.8258982176}}