{"mean":{"confidence_interval":{"confidence_level":0.95,"lower_bound":-0.028886826016499164,"upper_bound":-0.020466134661698526},"point_estimate":-0.024416033230389655,"standard_error":0.002149413424836598},"median":{"confidence_interval":{"confidence_level":0.95,"lower_bound":-0.023829716405116885,"upper_bound":-0.01852971571809018},"point_estimate":-0.020805151986234782,"standard_error":0.0013587794824521276}}