{"mean":{"confidence_interval":{"confidence_level":0.95,"lower_bound":17040.12931700227,"upper_bound":17404.615587879445},"point_estimate":17195.691545188565,"standard_error":94.50190406276309},"median":{"confidence_interval":{"confidence_level":0.95,"lower_bound":17028.662962962964,"upper_bound":17101.594202898552},"point_estimate":17044.38569775132,"standard_error":16.71857438944831},"median_abs_dev":{"confidence_interval":{"confidence_level":0.95,"lower_bound":102.95161534814028,"upper_bound":264.4430723789301},"point_estimate":175.19142098695562,"standard_error":42.285665521618625},"slope":{"confidence_interval":{"confidence_level":0.95,"lower_bound":16888.546017710727,"upper_bound":17180.421051251804},"point_estimate":17012.766803113147,"standard_error":75.33378036460284},"std_dev":{"confidence_interval":{"confidence_level":0.95,"lower_bound":263.3435659610338,"upper_bound":1440.7522103195836},"point_estimate":951.0445672547168,"standard_error":316.0279589838064}}