{"mean":{"confidence_interval":{"confidence_level":0.95,"lower_bound":0.004040126167522797,"upper_bound":0.022619651477682516},"point_estimate":0.013282140823978716,"standard_error":0.004665516938403749},"median":{"confidence_interval":{"confidence_level":0.95,"lower_bound":0.007521156142415775,"upper_bound":0.01719109916738651},"point_estimate":0.013811799798351343,"standard_error":0.0024334992146975605}}