{"mean":{"confidence_interval":{"confidence_level":0.95,"lower_bound":-0.0046002182805808586,"upper_bound":0.010264454401438534},"point_estimate":0.0031219956650501146,"standard_error":0.0038114353372731276},"median":{"confidence_interval":{"confidence_level":0.95,"lower_bound":-0.0224107336602229,"upper_bound":0.010384436154189321},"point_estimate":-0.009366520358345953,"standard_error":0.008917312226217866}}