{"mean":{"confidence_interval":{"confidence_level":0.95,"lower_bound":0.0003267894256822343,"upper_bound":0.004760768609409948},"point_estimate":0.0026224992323349294,"standard_error":0.0011278657499227559},"median":{"confidence_interval":{"confidence_level":0.95,"lower_bound":-0.0006203498498147386,"upper_bound":0.005167220460805533},"point_estimate":0.0024826405073519187,"standard_error":0.001432546588836534}}