{"mean":{"confidence_interval":{"confidence_level":0.95,"lower_bound":-0.12688857950273327,"upper_bound":-0.06821697941317452},"point_estimate":-0.09655666882035352,"standard_error":0.014982543103641595},"median":{"confidence_interval":{"confidence_level":0.95,"lower_bound":-0.04149276538283475,"upper_bound":-0.02564122385387335},"point_estimate":-0.029587743829555535,"standard_error":0.004082269889483399}}