{"mean":{"confidence_interval":{"confidence_level":0.95,"lower_bound":-0.06748788242481381,"upper_bound":0.07362010347819131},"point_estimate":0.0001675330957340293,"standard_error":0.03600421138167889},"median":{"confidence_interval":{"confidence_level":0.95,"lower_bound":-0.1251850865768972,"upper_bound":0.12838902968735422},"point_estimate":-0.026134401825079312,"standard_error":0.06576479475632975}}