{"mean":{"confidence_interval":{"confidence_level":0.95,"lower_bound":-0.09252311897417168,"upper_bound":-0.047555818052957465},"point_estimate":-0.06866620632216913,"standard_error":0.011529688602970725},"median":{"confidence_interval":{"confidence_level":0.95,"lower_bound":-0.038227117880912306,"upper_bound":-0.016556886862980846},"point_estimate":-0.02564760172340863,"standard_error":0.005088776421363266}}