{"mean":{"confidence_interval":{"confidence_level":0.95,"lower_bound":-0.016189903391410694,"upper_bound":-0.0027035932716885183},"point_estimate":-0.009431391111198173,"standard_error":0.003390813229642549},"median":{"confidence_interval":{"confidence_level":0.95,"lower_bound":-0.017646933317386093,"upper_bound":-0.011074568691482378},"point_estimate":-0.01493781507088976,"standard_error":0.001668634518597475}}