{"mean":{"confidence_interval":{"confidence_level":0.95,"lower_bound":-0.0006403103383646355,"upper_bound":0.013164345115017479},"point_estimate":0.006454858753402126,"standard_error":0.003470252596313404},"median":{"confidence_interval":{"confidence_level":0.95,"lower_bound":0.003388122731695642,"upper_bound":0.009047420645320523},"point_estimate":0.00706748446588179,"standard_error":0.0013802943075136272}}