{"mean":{"confidence_interval":{"confidence_level":0.95,"lower_bound":-0.009899866943192484,"upper_bound":0.0025006722836857774},"point_estimate":-0.004230215788811553,"standard_error":0.003211747156039994},"median":{"confidence_interval":{"confidence_level":0.95,"lower_bound":-0.0033087757905402304,"upper_bound":0.0005216986596574867},"point_estimate":-0.00205671535975982,"standard_error":0.0010205843071989609}}