{"mean":{"confidence_interval":{"confidence_level":0.95,"lower_bound":-0.07057142859525639,"upper_bound":-0.06251527782309596},"point_estimate":-0.06663446568533582,"standard_error":0.002032110686618993},"median":{"confidence_interval":{"confidence_level":0.95,"lower_bound":-0.06947977677321338,"upper_bound":-0.06297275486053522},"point_estimate":-0.06697252169177148,"standard_error":0.0019399132746881827}}