{"mean":{"confidence_interval":{"confidence_level":0.95,"lower_bound":-0.018126066049051093,"upper_bound":-0.005092556684006364},"point_estimate":-0.011206893537276552,"standard_error":0.0033218048857622464},"median":{"confidence_interval":{"confidence_level":0.95,"lower_bound":-0.017035601544262424,"upper_bound":-0.008179027236418826},"point_estimate":-0.0109285566598879,"standard_error":0.002433210473601623}}