{"mean":{"confidence_interval":{"confidence_level":0.95,"lower_bound":2285630.7377031306,"upper_bound":2524092.111670371},"point_estimate":2403212.816450158,"standard_error":60996.69992065092},"median":{"confidence_interval":{"confidence_level":0.95,"lower_bound":2026119.0588235294,"upper_bound":2451013.9},"point_estimate":2211101.0502941175,"standard_error":116852.18449659277},"median_abs_dev":{"confidence_interval":{"confidence_level":0.95,"lower_bound":427613.2645037415,"upper_bound":848900.5642997004},"point_estimate":632397.3164429433,"standard_error":110931.7886982025},"slope":{"confidence_interval":{"confidence_level":0.95,"lower_bound":2800927.5397403305,"upper_bound":3068672.889243136},"point_estimate":2944133.053653022,"standard_error":68372.54004010645},"std_dev":{"confidence_interval":{"confidence_level":0.95,"lower_bound":538902.5191240301,"upper_bound":672910.9441257605},"point_estimate":612572.4262449634,"standard_error":34217.181996645166}}