{"mean":{"confidence_interval":{"confidence_level":0.95,"lower_bound":0.00932684650997498,"upper_bound":0.016613578790139947},"point_estimate":0.01314679393850171,"standard_error":0.0018580706716221044},"median":{"confidence_interval":{"confidence_level":0.95,"lower_bound":0.006916374206816123,"upper_bound":0.017292756925376684},"point_estimate":0.012775419285656175,"standard_error":0.0025702578817534787}}