{"mean":{"confidence_interval":{"confidence_level":0.95,"lower_bound":0.00907366636604674,"upper_bound":0.0258507408993422},"point_estimate":0.01603703630371789,"standard_error":0.004366345113180637},"median":{"confidence_interval":{"confidence_level":0.95,"lower_bound":0.008867176249199221,"upper_bound":0.016676044973979398},"point_estimate":0.01127220808316709,"standard_error":0.0018789048760137538}}