{"mean":{"confidence_interval":{"confidence_level":0.95,"lower_bound":48.32872899979121,"upper_bound":51.519439285494094},"point_estimate":50.163139048980035,"standard_error":0.835235596913176},"median":{"confidence_interval":{"confidence_level":0.95,"lower_bound":50.71854342751395,"upper_bound":51.398682394888944},"point_estimate":51.00983372094317,"standard_error":0.17230611800170567}}