{"mean":{"confidence_interval":{"confidence_level":0.95,"lower_bound":-0.9820069063936787,"upper_bound":-0.9818332375300424},"point_estimate":-0.9819163452471001,"standard_error":0.00004426794420624532},"median":{"confidence_interval":{"confidence_level":0.95,"lower_bound":-0.9819318514301539,"upper_bound":-0.9817547966028318},"point_estimate":-0.9818324000177916,"standard_error":0.00004567783278773811}}