{"mean":{"confidence_interval":{"confidence_level":0.95,"lower_bound":50.155295993782104,"upper_bound":51.10562181157184},"point_estimate":50.69073080229994,"standard_error":0.24342081905082033},"median":{"confidence_interval":{"confidence_level":0.95,"lower_bound":50.76892109246956,"upper_bound":51.11193604484073},"point_estimate":50.92749908336339,"standard_error":0.08661451460550337}}