{"mean":{"confidence_interval":{"confidence_level":0.95,"lower_bound":0.029125559907841225,"upper_bound":0.047829854056650634},"point_estimate":0.03626736908624495,"standard_error":0.00478266877702942},"median":{"confidence_interval":{"confidence_level":0.95,"lower_bound":0.023903508713499777,"upper_bound":0.03152404891764582},"point_estimate":0.027981755447922918,"standard_error":0.002018985670911832}}